,Post/Comment,ID,Text,Creation Date,Interval Number
0,Post,18cyln6,Some juicy loss porn from the past,2023-12-07,0
1,Post,18bekhf,this remains one of the best videos of all time,2023-12-05,1
2,Post,18akmqx,Me trying to trade my way out of a 90% loss on my life savings,2023-12-04,2
3,Post,189vz8k,One of us!,2023-12-03,2
4,Post,1884rxo,Elon phones a friend,2023-12-01,3
5,Post,1873iwc,"Rare moment of ""F*ck you money""",2023-11-29,4
6,Post,18739kt,Elon tells Bob Iger to ‚Äúgo f*ck yourself‚Äù,2023-11-29,4
7,Post,1828p09,No cap bruv,2023-11-23,5
8,Post,17x1k66,Biden calls Xi a dictator. Secretary of State is not happy about that. Stock Market will feel the impact tomorrow. Prepare for more the Dip,2023-11-17,6
9,Post,17wvwke,Puts on all Weed Companies like $TILRAY $SUNDIAL,2023-11-16,6
10,Comment,18cyln6,"
**User Report**| | | |
:--|:--|:--|:--
**Total Submissions**|10|**First Seen In WSB**|2 years ago
**Total Comments**|1127|**Previous Best DD**|
**Account Age**|2 years|[^scan ^comment ](https://www.reddit.com/message/compose/?to=VisualMod&subject=scan_comment&message=Replace%20this%20text%20with%20a%20comment%20ID%20(which%20looks%20like%20h26cq3k\)%20to%20have%20the%20bot%20scan%20your%20comment%20and%20correct%20your%20first%20seen%20date.)|[^scan ^submission ](https://www.reddit.com/message/compose/?to=VisualMod&subject=scan_submission&message=Replace%20this%20text%20with%20a%20submission%20ID%20(which%20looks%20like%20h26cq3k\)%20to%20have%20the%20bot%20scan%20your%20submission%20and%20correct%20your%20first%20seen%20date.)",2023-12-07,0
11,Comment,18cyln6,the reporter jerking off while the poor schmuck opens his 401k statement ![img](emote|t5_2th52|4271),2023-12-07,0
12,Comment,18cyln6,"It's still somewhat infuriating that these people had their life savings in a relatively low risk fund most likely through their employer, only to get fucked over by the same institutions they had their assets with.

The gut punch is only one individual was found guilty and sentenced, absolute bonkers.",2023-12-07,0
13,Comment,18bekhf,"
**User Report**| | | |
:--|:--|:--|:--
**Total Submissions**|10|**First Seen In WSB**|3 weeks ago
**Total Comments**|36|**Previous Best DD**|
**Account Age**|1 month|[^scan ^comment ](https://www.reddit.com/message/compose/?to=VisualMod&subject=scan_comment&message=Replace%20this%20text%20with%20a%20comment%20ID%20(which%20looks%20like%20h26cq3k\)%20to%20have%20the%20bot%20scan%20your%20comment%20and%20correct%20your%20first%20seen%20date.)|[^scan ^submission ](https://www.reddit.com/message/compose/?to=VisualMod&subject=scan_submission&message=Replace%20this%20text%20with%20a%20submission%20ID%20(which%20looks%20like%20h26cq3k\)%20to%20have%20the%20bot%20scan%20your%20submission%20and%20correct%20your%20first%20seen%20date.)",2023-12-05,1
14,Comment,18bekhf,Upstart is a loan company I know this because I took out a loan and never paid it back. They keep calling but I just pretend they are breaking up.,2023-12-05,1
15,Comment,18bekhf,"""It upstarts and holds things""",2023-12-05,1
16,Comment,18akmqx,"
**User Report**| | | |
:--|:--|:--|:--
**Total Submissions**|10|**First Seen In WSB**|2 years ago
**Total Comments**|1022|**Previous Best DD**|
**Account Age**|2 years|[^scan ^comment ](https://www.reddit.com/message/compose/?to=VisualMod&subject=scan_comment&message=Replace%20this%20text%20with%20a%20comment%20ID%20(which%20looks%20like%20h26cq3k\)%20to%20have%20the%20bot%20scan%20your%20comment%20and%20correct%20your%20first%20seen%20date.)|[^scan ^submission ](https://www.reddit.com/message/compose/?to=VisualMod&subject=scan_submission&message=Replace%20this%20text%20with%20a%20submission%20ID%20(which%20looks%20like%20h26cq3k\)%20to%20have%20the%20bot%20scan%20your%20submission%20and%20correct%20your%20first%20seen%20date.)",2023-12-04,2
17,Comment,18akmqx,Cats just have a different relationship with gravity than the rest of us.,2023-12-04,2
18,Comment,18akmqx,Lil Buddy Just fucked off 3 lives for absolutely nothing ü§¶üèæ‚Äç‚ôÇÔ∏èü§¶üèæ‚Äç‚ôÇÔ∏èü§¶üèæ‚Äç‚ôÇÔ∏èü§¶üèæ‚Äç‚ôÇÔ∏è,2023-12-04,2
19,Comment,189vz8k,"
**User Report**| | | |
:--|:--|:--|:--
**Total Submissions**|1|**First Seen In WSB**|2 months ago
**Total Comments**|11|**Previous Best DD**|
**Account Age**|3 months|[^scan ^comment ](https://www.reddit.com/message/compose/?to=VisualMod&subject=scan_comment&message=Replace%20this%20text%20with%20a%20comment%20ID%20(which%20looks%20like%20h26cq3k\)%20to%20have%20the%20bot%20scan%20your%20comment%20and%20correct%20your%20first%20seen%20date.)|[^scan ^submission ](https://www.reddit.com/message/compose/?to=VisualMod&subject=scan_submission&message=Replace%20this%20text%20with%20a%20submission%20ID%20(which%20looks%20like%20h26cq3k\)%20to%20have%20the%20bot%20scan%20your%20submission%20and%20correct%20your%20first%20seen%20date.)",2023-12-03,2
20,Comment,189vz8k,"The story continues. After spending over $9b for AOL and Yahoo, Verizon sold both companies for less than half what it paid for them just few years ago!",2023-12-03,2
21,Comment,189vz8k,"In 1998 Yahoo was positioned to become Google, Amazon and Facebook combined. They managed to do almost everything wrong, other than buying a chunk of Alibaba (although they also managed to screw that one up eventually).",2023-12-03,2
22,Comment,1884rxo,"
**User Report**| | | |
:--|:--|:--|:--
**Total Submissions**|10|**First Seen In WSB**|6 months ago
**Total Comments**|418|**Previous Best DD**|
**Account Age**|6 months|[^scan ^comment ](https://www.reddit.com/message/compose/?to=VisualMod&subject=scan_comment&message=Replace%20this%20text%20with%20a%20comment%20ID%20(which%20looks%20like%20h26cq3k\)%20to%20have%20the%20bot%20scan%20your%20comment%20and%20correct%20your%20first%20seen%20date.)|[^scan ^submission ](https://www.reddit.com/message/compose/?to=VisualMod&subject=scan_submission&message=Replace%20this%20text%20with%20a%20submission%20ID%20(which%20looks%20like%20h26cq3k\)%20to%20have%20the%20bot%20scan%20your%20submission%20and%20correct%20your%20first%20seen%20date.)",2023-12-01,3
23,Comment,1884rxo,"The part where he didn‚Äôt know the name of his interviewer, classic",2023-12-01,3
24,Comment,1884rxo,"Good shit

I remember watching that episode of millionaire live, such a legendary moment",2023-12-01,3
25,Comment,1873iwc,"
**User Report**| | | |
:--|:--|:--|:--
**Total Submissions**|10|**First Seen In WSB**|2 weeks ago
**Total Comments**|34|**Previous Best DD**|
**Account Age**|4 weeks|[^scan ^comment ](https://www.reddit.com/message/compose/?to=VisualMod&subject=scan_comment&message=Replace%20this%20text%20with%20a%20comment%20ID%20(which%20looks%20like%20h26cq3k\)%20to%20have%20the%20bot%20scan%20your%20comment%20and%20correct%20your%20first%20seen%20date.)|[^scan ^submission ](https://www.reddit.com/message/compose/?to=VisualMod&subject=scan_submission&message=Replace%20this%20text%20with%20a%20submission%20ID%20(which%20looks%20like%20h26cq3k\)%20to%20have%20the%20bot%20scan%20your%20submission%20and%20correct%20your%20first%20seen%20date.)",2023-11-29,4
26,Comment,1873iwc,Wait.. this is real? Like.. really real?,2023-11-30,4
27,Comment,1873iwc,"I swear he stopped himself from saying ""TAKE A BIG STEP BACK AND LITERALLY FUCK YOUR OWN FACE!""",2023-11-30,4
28,Comment,18739kt,"
**User Report**| | | |
:--|:--|:--|:--
**Total Submissions**|8|**First Seen In WSB**|1 year ago
**Total Comments**|2|**Previous Best DD**|
**Account Age**|6 years|[^scan ^comment ](https://www.reddit.com/message/compose/?to=VisualMod&subject=scan_comment&message=Replace%20this%20text%20with%20a%20comment%20ID%20(which%20looks%20like%20h26cq3k\)%20to%20have%20the%20bot%20scan%20your%20comment%20and%20correct%20your%20first%20seen%20date.)|[^scan ^submission ](https://www.reddit.com/message/compose/?to=VisualMod&subject=scan_submission&message=Replace%20this%20text%20with%20a%20submission%20ID%20(which%20looks%20like%20h26cq3k\)%20to%20have%20the%20bot%20scan%20your%20submission%20and%20correct%20your%20first%20seen%20date.)",2023-11-29,4
29,Comment,18739kt,Another musk moment in the books. Should be a quiet 72hrs before the next one.,2023-11-29,4
30,Comment,18739kt,Elon should be posting his ideas of this sub.. He belongs here.,2023-11-29,4
31,Comment,1828p09,"
**User Report**| | | |
:--|:--|:--|:--
**Total Submissions**|1|**First Seen In WSB**|2 years ago
**Total Comments**|105|**Previous Best DD**|
**Account Age**|2 years|[^scan ^comment ](https://www.reddit.com/message/compose/?to=VisualMod&subject=scan_comment&message=Replace%20this%20text%20with%20a%20comment%20ID%20(which%20looks%20like%20h26cq3k\)%20to%20have%20the%20bot%20scan%20your%20comment%20and%20correct%20your%20first%20seen%20date.)|[^scan ^submission ](https://www.reddit.com/message/compose/?to=VisualMod&subject=scan_submission&message=Replace%20this%20text%20with%20a%20submission%20ID%20(which%20looks%20like%20h26cq3k\)%20to%20have%20the%20bot%20scan%20your%20submission%20and%20correct%20your%20first%20seen%20date.)",2023-11-23,5
32,Comment,1828p09,"Suggested tips are too low - by then we'll be seeing 25, 35 and 45%",2023-11-23,5
33,Comment,1828p09,"On a serious note, are legit financial advisors actually useful?",2023-11-23,5
34,Comment,17x1k66,"
**User Report**| | | |
:--|:--|:--|:--
**Total Submissions**|9|**First Seen In WSB**|1 week ago
**Total Comments**|18|**Previous Best DD**|
**Account Age**|2 weeks|[^scan ^comment ](https://www.reddit.com/message/compose/?to=VisualMod&subject=scan_comment&message=Replace%20this%20text%20with%20a%20comment%20ID%20(which%20looks%20like%20h26cq3k\)%20to%20have%20the%20bot%20scan%20your%20comment%20and%20correct%20your%20first%20seen%20date.)|[^scan ^submission ](https://www.reddit.com/message/compose/?to=VisualMod&subject=scan_submission&message=Replace%20this%20text%20with%20a%20submission%20ID%20(which%20looks%20like%20h26cq3k\)%20to%20have%20the%20bot%20scan%20your%20submission%20and%20correct%20your%20first%20seen%20date.)",2023-11-17,6
35,Comment,17x1k66,I thought he already said that yesterday.,2023-11-17,6
36,Comment,17x1k66,This guy poker face so bad,2023-11-17,6
37,Comment,17wvwke,"
**User Report**| | | |
:--|:--|:--|:--
**Total Submissions**|7|**First Seen In WSB**|6 days ago
**Total Comments**|16|**Previous Best DD**|
**Account Age**|2 weeks|[^scan ^comment ](https://www.reddit.com/message/compose/?to=VisualMod&subject=scan_comment&message=Replace%20this%20text%20with%20a%20comment%20ID%20(which%20looks%20like%20h26cq3k\)%20to%20have%20the%20bot%20scan%20your%20comment%20and%20correct%20your%20first%20seen%20date.)|[^scan ^submission ](https://www.reddit.com/message/compose/?to=VisualMod&subject=scan_submission&message=Replace%20this%20text%20with%20a%20submission%20ID%20(which%20looks%20like%20h26cq3k\)%20to%20have%20the%20bot%20scan%20your%20submission%20and%20correct%20your%20first%20seen%20date.)",2023-11-16,6
38,Comment,17wvwke,The dude who just rolled snoop's last joint is in line at the welfare office. RIP to one of the best jobs that existed,2023-11-16,6
39,Comment,17wvwke,"‚ÄúGiving up smoke‚Äù

Snoop will still probably be eating 2000mg of thc everyday.",2023-11-16,6
